Workbook

Sheet README
A1: Makassar Hazard-Aware Route Finder: Dataset (versi 4)
A2: Graf 26 simpul (22 persimpangan + 4 lokasi: UC Makassar, Mal Ratu Indah, TSM, Mall Panakkukang) dan 33 ruas jalan dua arah.
A4: Sheets
A5: Parameters: bobot gamma untuk penalti keamanan. Rumus biaya ruas = distance_km + gamma x safety_penalty. Ruas dengan blocked = 1 dianggap tidak dapat dilalui (INF).
A6: Nodes: id, nama, tipe, posisi x_km / y_km relatif terhadap N1 (dipakai untuk heuristik jarak garis lurus A*).
A7: Edges: satu baris per ruas jalan. Cost, straight_line_km, dan heuristic_ok adalah rumus.
A8: Measured Segments: daftar langkah Google Maps yang menjadi sumber jarak.
A9: Route Check: membandingkan jumlah jarak ruas dengan total rute Google Maps.
A10: Hazard Locations, Test Scenarios, Algorithm Comparison, Random Accident Runs: data gangguan dari tim dan hasil uji pada graf ini.
A12: Legend
A13: Teks biru = input yang boleh diubah. Teks hitam = rumus atau hasil hitungan.
A15: Perubahan dari versi 3
... A26: E. Lokasi gangguan berasal dari pengalaman anggota tim (Rasya). Kecelakaan bersifat acak sehingga tidak punya lokasi tetap.

Sheet Parameters
A1: Parameter | B1: Value | C1: Meaning
A2: gamma (safety weight) | B2: 2 | C2: Biaya tambahan per level penalti keamanan (0 tidak ada, 1 ringan, 2 berat)
A3: blocked | B3: 1 | C3: Nilai blocked = 1 berarti ruas ditutup dan dihapus dari graf (INF)
A5: Asumsi tim, bukan dari sumber. Nilai gamma bisa disesuaikan saat pengujian.

Sheet Nodes
A1: node_id | B1: name | C1: type | D1: x_km (east) | E1: y_km (north) | F1: role
A2: UC | B2: UC Makassar (Ciputra School of Business) | C2: start/goal | D2: -1.35 | E2: 0.05 | F2: start + goal
A3: N1 | B3: Centre Point of Indonesia roundabout (start of Jl. H. Bau / Jl. Metro Tj. Bunga) | C3: intersection | D3: 0 | E3: 0 | F3: intersection
A4: N2 | B4: Jl. Maipa / Losari corner | C4: intersection | D4: 0.3 | E4: 0.7 | F4: intersection
A5: N3 | B5: Jl. Botedampingan | C5: intersection | D5: 0.7 | E5: 1.1 | F5: intersection
A6: N4 | B6: Jl. Sungai Saddang Lama (start) | C6: intersection | D6: 1.1 | E6: 0.85 | F6: intersection
A7: N5 | B7: Jl. Sungai Saddang Baru | C7: intersection | D7: 2.4 | E7: 0.5 | F7: intersection
A8: N6 | B8: Jl. Pelita Raya junction | C8: intersection | D8: 3.3 | E8: 0.3 | F8: intersection
A9: N7 | B9: Pakui Sayang Park (Jl. AP Pettarani) | C9: intersection | D9: 3.7 | E9: -0.25 | F9: intersection
A10: N8 | B10: Jl. AP Pettarani / RSI Faisal / Jl. Adiyaksa junction | C10: intersection | D10: 3.85 | E10: -1 | F10: intersection
A11: MP | B11: Mall Panakkukang | C11: start/goal | D11: 4.4 | E11: -0.7 | F11: start + goal
A12: N9 | B12: Jl. H. Bau / Jl. Opu Daeng Risadju junction | C12: intersection | D12: 0.55 | E12: 0 | F12: intersection
A13: N10 | B13: Jl. Kasuari / Jl. Opu Daeng Risadju (Jl. Garuda) corner | C13: intersection | D13: 0.55 | E13: -0.38 | F13: intersection
... A27: N22 | B27: Jl. DR. Ratulangi / Jl. H. Bau junction | C27: intersection | D27: 0.85 | E27: 0 | F27: intersection

Sheet Edges
A1: edge_id | B1: from | C1: to | D1: road_name | E1: distance_km | F1: hazard_type | G1: safety_penalty (0-2) | H1: blocked (0/1) | I1: cost | J1: straight_line_km | K1: heuristic_ok | L1: data_status | M1: used_in_routes | N1: direction | O1: notes
A2: E01 | B2: UC | C2: N1 | D2: Jl. Metro Tj. Bunga (CPI access road) | E2: 1.4 | F2: None | G2: 0 | H2: 0 | I2: =IF(H2=1,"INF",E2+Parameters!$B$2*G2) -> 1.4 | J2: =ROUND(SQRT((INDEX(Nodes!$D$2:$D$27,MATCH(C2,Nodes!$A$2:$A$27,0))-INDEX(Nodes!$D$2:$D$27,MATCH(B2,Nodes!$A$2:$A$27,0)))^2+(INDEX(Nodes!$E$2:$E$27,MATCH(C2,Nodes!$A$2:$A$27,0))-INDEX(Nodes!$E$2:$E$27,MATCH(B2,Nodes!$A$2:$A$27,0)))^2),2) -> 1.35 | K2: =IF(J2<=E2,"OK","CHECK") -> OK | L2: verified (Google Maps) | M2: UC->all routes | N2: two-way
A3: E02 | B3: N1 | C3: N2 | D3: Losari / Jl. Maipa | E3: 1 | F3: None | G3: 0 | H3: 0 | I3: =IF(H3=1,"INF",E3+Parameters!$B$2*G3) -> 1 | J3: =ROUND(SQRT((INDEX(Nodes!$D$2:$D$27,MATCH(C3,Nodes!$A$2:$A$27,0))-INDEX(Nodes!$D$2:$D$27,MATCH(B3,Nodes!$A$2:$A$27,0)))^2+(INDEX(Nodes!$E$2:$E$27,MATCH(C3,Nodes!$A$2:$A$27,0))-INDEX(Nodes!$E$2:$E$27,MATCH(B3,Nodes!$A$2:$A$27,0)))^2),2) -> 0.76 | K3: =IF(J3<=E3,"OK","CHECK") -> OK | L3: verified (Google Maps) | M3: UC->Mari (car), UC->MP | N3: two-way
A4: E03 | B4: N2 | C4: N3 | D4: Jl. Botedampingan | E4: 0.6 | F4: None | G4: 0 | H4: 0 | I4: =IF(H4=1,"INF",E4+Parameters!$B$2*G4) -> 0.6 | J4: =ROUND(SQRT((INDEX(Nodes!$D$2:$D$27,MATCH(C4,Nodes!$A$2:$A$27,0))-INDEX(Nodes!$D$2:$D$27,MATCH(B4,Nodes!$A$2:$A$27,0)))^2+(INDEX(Nodes!$E$2:$E$27,MATCH(C4,Nodes!$A$2:$A$27,0))-INDEX(Nodes!$E$2:$E$27,MATCH(B4,Nodes!$A$2:$A$27,0)))^2),2) -> 0.57 | K4: =IF(J4<=E4,"OK","CHECK") -> OK | L4: verified (Google Maps) | M4: UC->MP | N4: two-way
A5: E04 | B5: N3 | C5: N4 | D5: Jl. Botedampingan to Jl. Sungai Saddang | E5: 0.5 | F5: None | G5: 0 | H5: 0 | I5: =IF(H5=1,"INF",E5+Parameters!$B$2*G5) -> 0.5 | J5: =ROUND(SQRT((INDEX(Nodes!$D$2:$D$27,MATCH(C5,Nodes!$A$2:$A$27,0))-INDEX(Nodes!$D$2:$D$27,MATCH(B5,Nodes!$A$2:$A$27,0)))^2+(INDEX(Nodes!$E$2:$E$27,MATCH(C5,Nodes!$A$2:$A$27,0))-INDEX(Nodes!$E$2:$E$27,MATCH(B5,Nodes!$A$2:$A$27,0)))^2),2) -> 0.47 | K5: =IF(J5<=E5,"OK","CHECK") -> OK | L5: verified (Google Maps) | M5: UC->MP | N5: two-way
A6: E05 | B6: N4 | C6: N5 | D6: Jl. Sungai Saddang Lama to Baru | E6: 2 | F6: None | G6: 0 | H6: 0 | I6: =IF(H6=1,"INF",E6+Parameters!$B$2*G6) -> 2 | J6: =ROUND(SQRT((INDEX(Nodes!$D$2:$D$27,MATCH(C6,Nodes!$A$2:$A$27,0))-INDEX(Nodes!$D$2:$D$27,MATCH(B6,Nodes!$A$2:$A$27,0)))^2+(INDEX(Nodes!$E$2:$E$27,MATCH(C6,Nodes!$A$2:$A$27,0))-INDEX(Nodes!$E$2:$E$27,MATCH(B6,Nodes!$A$2:$A$27,0)))^2),2) -> 1.35 | K6: =IF(J6<=E6,"OK","CHECK") -> OK | L6: verified (Google Maps) | M6: UC->MP | N6: two-way
A7: E06 | B7: N5 | C7: N6 | D7: Jl. Sungai Saddang Baru / Jl. Pelita Raya | E7: 1.5 | F7: None | G7: 0 | H7: 0 | I7: =IF(H7=1,"INF",E7+Parameters!$B$2*G7) -> 1.5 | J7: =ROUND(SQRT((INDEX(Nodes!$D$2:$D$27,MATCH(C7,Nodes!$A$2:$A$27,0))-INDEX(Nodes!$D$2:$D$27,MATCH(B7,Nodes!$A$2:$A$27,0)))^2+(INDEX(Nodes!$E$2:$E$27,MATCH(C7,Nodes!$A$2:$A$27,0))-INDEX(Nodes!$E$2:$E$27,MATCH(B7,Nodes!$A$2:$A$27,0)))^2),2) -> 0.92 | K7: =IF(J7<=E7,"OK","CHECK") -> OK | L7: verified (Google Maps) | M7: UC->MP | N7: two-way
A8: E07 | B8: N6 | C8: N7 | D8: Jl. Pelita Raya to Jl. AP Pettarani | E8: 0.7 | F8: None | G8: 0 | H8: 0 | I8: =IF(H8=1,"INF",E8+Parameters!$B$2*G8) -> 0.7 | J8: =ROUND(SQRT((INDEX(Nodes!$D$2:$D$27,MATCH(C8,Nodes!$A$2:$A$27,0))-INDEX(Nodes!$D$2:$D$27,MATCH(B8,Nodes!$A$2:$A$27,0)))^2+(INDEX(Nodes!$E$2:$E$27,MATCH(C8,Nodes!$A$2:$A$27,0))-INDEX(Nodes!$E$2:$E$27,MATCH(B8,Nodes!$A$2:$A$27,0)))^2),2) -> 0.68 | K8: =IF(J8<=E8,"OK","CHECK") -> OK | L8: verified (Google Maps) | M8: UC->MP | N8: two-way
A9: E08 | B9: N7 | C9: N17 | D9: Jl. AP Pettarani | E9: 0.5 | F9: None | G9: 0 | H9: 0 | I9: =IF(H9=1,"INF",E9+Parameters!$B$2*G9) -> 0.5 | J9: =ROUND(SQRT((INDEX(Nodes!$D$2:$D$27,MATCH(C9,Nodes!$A$2:$A$27,0))-INDEX(Nodes!$D$2:$D$27,MATCH(B9,Nodes!$A$2:$A$27,0)))^2+(INDEX(Nodes!$E$2:$E$27,MATCH(C9,Nodes!$A$2:$A$27,0))-INDEX(Nodes!$E$2:$E$27,MATCH(B9,Nodes!$A$2:$A$27,0)))^2),2) -> 0.49 | K9: =IF(J9<=E9,"OK","CHECK") -> OK | L9: verified (Google Maps) | M9: UC->MP | N9: two-way
A10: E09 | B10: N17 | C10: N8 | D10: Jl. AP Pettarani / Jl. RSI Faisal | E10: 0.35 | F10: None | G10: 0 | H10: 0 | I10: =IF(H10=1,"INF",E10+Parameters!$B$2*G10) -> 0.35 | J10: =ROUND(SQRT((INDEX(Nodes!$D$2:$D$27,MATCH(C10,Nodes!$A$2:$A$27,0))-INDEX(Nodes!$D$2:$D$27,MATCH(B10,Nodes!$A$2:$A$27,0)))^2+(INDEX(Nodes!$E$2:$E$27,MATCH(C10,Nodes!$A$2:$A$27,0))-INDEX(Nodes!$E$2:$E$27,MATCH(B10,Nodes!$A$2:$A$27,0)))^2),2) -> 0.3 | K10: =IF(J10<=E10,"OK","CHECK") -> OK | L10: verified (Google Maps) | M10: UC->MP | N10: two-way
A11: E10 | B11: N8 | C11: MP | D11: Jl. Adiyaksa | E11: 0.9 | F11: None | G11: 0 | H11: 0 | I11: =IF(H11=1,"INF",E11+Parameters!$B$2*G11) -> 0.9 | J11: =ROUND(SQRT((INDEX(Nodes!$D$2:$D$27,MATCH(C11,Nodes!$A$2:$A$27,0))-INDEX(Nodes!$D$2:$D$27,MATCH(B11,Nodes!$A$2:$A$27,0)))^2+(INDEX(Nodes!$E$2:$E$27,MATCH(C11,Nodes!$A$2:$A$27,0))-INDEX(Nodes!$E$2:$E$27,MATCH(B11,Nodes!$A$2:$A$27,0)))^2),2) -> 0.63 | K11: =IF(J11<=E11,"OK","CHECK") -> OK | L11: verified (Google Maps) | M11: UC->MP, Mari->MP | N11: two-way
A12: E11 | B12: N2 | C12: N9 | D12: Jl. Maipa to Jl. H. Bau | E12: 0.9 | F12: None | G12: 0 | H12: 0 | I12: =IF(H12=1,"INF",E12+Parameters!$B$2*G12) -> 0.9 | J12: =ROUND(SQRT((INDEX(Nodes!$D$2:$D$27,MATCH(C12,Nodes!$A$2:$A$27,0))-INDEX(Nodes!$D$2:$D$27,MATCH(B12,Nodes!$A$2:$A$27,0)))^2+(INDEX(Nodes!$E$2:$E$27,MATCH(C12,Nodes!$A$2:$A$27,0))-INDEX(Nodes!$E$2:$E$27,MATCH(B12,Nodes!$A$2:$A$27,0)))^2),2) -> 0.74 | K12: =IF(J12<=E12,"OK","CHECK") -> OK | L12: verified (Google Maps) | M12: UC->Mari (car) | N12: two-way
A13: E12 | B13: N1 | C13: N9 | D13: Jl. H. Bau | E13: 0.6 | F13: None | G13: 0 | H13: 0 | I13: =IF(H13=1,"INF",E13+Parameters!$B$2*G13) -> 0.6 | J13: =ROUND(SQRT((INDEX(Nodes!$D$2:$D$27,MATCH(C13,Nodes!$A$2:$A$27,0))-INDEX(Nodes!$D$2:$D$27,MATCH(B13,Nodes!$A$2:$A$27,0)))^2+(INDEX(Nodes!$E$2:$E$27,MATCH(C13,Nodes!$A$2:$A$27,0))-INDEX(Nodes!$E$2:$E$27,MATCH(B13,Nodes!$A$2:$A$27,0)))^2),2) -> 0.55 | K13: =IF(J13<=E13,"OK","CHECK") -> OK | L13: verified (Google Maps) | M13: UC->Mari, Mari->UC | N13: two-way
... A15: E14 | B15: N10 | C15: N11 | D15: Jl. Kasuari | E15: 0.3 | F15: None | G15: 0 | H15: 0 | I15: =IF(H15=1,"INF",E15+Parameters!$B$2*G15) -> 0.3 | J15: =ROUND(SQRT((INDEX(Nodes!$D$2:$D$27,MATCH(C15,Nodes!$A$2:$A$27,0))-INDEX(Nodes!$D$2:$D$27,MATCH(B15,Nodes!$A$2:$A$27,0)))^2+(INDEX(Nodes!$E$2:$E$27,MATCH(C15,Nodes!$A$2:$A$27,0))-INDEX(Nodes!$E$2:$E$27,MATCH(B15,Nodes!$A$2:$A$27,0)))^2),2) -> 0.29 | K15: =IF(J15<=E15,"OK","CHECK") -> OK | L15: verified (Google Maps) | M15: UC->Mari, Mari->UC, TSM->Mari | N15: two-way
A16: E15 | B16: N11 | C16: Mari | D16: Jl. DR. Ratulangi | E16: 0.2 | F16: None | G16: 0 | H16: 0 | I16: =IF(H16=1,"INF",E16+Parameters!$B$2*G16) -> 0.2 | J16: =ROUND(SQRT((INDEX(Nodes!$D$2:$D$27,MATCH(C16,Nodes!$A$2:$A$27,0))-INDEX(Nodes!$D$2:$D$27,MATCH(B16,Nodes!$A$2:$A$27,0)))^2+(INDEX(Nodes!$E$2:$E$27,MATCH(C16,Nodes!$A$2:$A$27,0))-INDEX(Nodes!$E$2:$E$27,MATCH(B16,Nodes!$A$2:$A$27,0)))^2),2) -> 0.17 | K16: =IF(J16<=E16,"OK","CHECK") -> OK | L16: verified (Google Maps) | M16: UC->Mari, Mari->UC, TSM->Mari | N16: two-way | O16: Leaving Mari northward by car needs a U-turn 250 m south (+0.5 km). See Route Check detour_km.
A17: E16 | B17: N1 | C17: N12 | D17: Jl. Metro Tj. Bunga | E17: 0.3 | F17: None | G17: 0 | H17: 0 | I17: =IF(H17=1,"INF",E17+Parameters!$B$2*G17) -> 0.3 | J17: =ROUND(SQRT((INDEX(Nodes!$D$2:$D$27,MATCH(C17,Nodes!$A$2:$A$27,0))-INDEX(Nodes!$D$2:$D$27,MATCH(B17,Nodes!$A$2:$A$27,0)))^2+(INDEX(Nodes!$E$2:$E$27,MATCH(C17,Nodes!$A$2:$A$27,0))-INDEX(Nodes!$E$2:$E$27,MATCH(B17,Nodes!$A$2:$A$27,0)))^2),2) -> 0.3 | K17: =IF(J17<=E17,"OK","CHECK") -> OK | L17: verified (Google Maps) | M17: UC->TSM, Mari->TSM | N17: two-way
A18: E17 | B18: N12 | C18: N14 | D18: Jl. Metro Tj. Bunga | E18: 0.7 | F18: None | G18: 0 | H18: 0 | I18: =IF(H18=1,"INF",E18+Parameters!$B$2*G18) -> 0.7 | J18: =ROUND(SQRT((INDEX(Nodes!$D$2:$D$27,MATCH(C18,Nodes!$A$2:$A$27,0))-INDEX(Nodes!$D$2:$D$27,MATCH(B18,Nodes!$A$2:$A$27,0)))^2+(INDEX(Nodes!$E$2:$E$27,MATCH(C18,Nodes!$A$2:$A$27,0))-INDEX(Nodes!$E$2:$E$27,MATCH(B18,Nodes!$A$2:$A$27,0)))^2),2) -> 0.65 | K18: =IF(J18<=E18,"OK","CHECK") -> OK | L18: verified (Google Maps) | M18: UC->TSM, Mari->TSM | N18: two-way
A19: E18 | B19: N14 | C19: N13 | D19: Jl. Metro Tj. Bunga | E19: 1.5 | F19: None | G19: 0 | H19: 0 | I19: =IF(H19=1,"INF",E19+Parameters!$B$2*G19) -> 1.5 | J19: =ROUND(SQRT((INDEX(Nodes!$D$2:$D$27,MATCH(C19,Nodes!$A$2:$A$27,0))-INDEX(Nodes!$D$2:$D$27,MATCH(B19,Nodes!$A$2:$A$27,0)))^2+(INDEX(Nodes!$E$2:$E$27,MATCH(C19,Nodes!$A$2:$A$27,0))-INDEX(Nodes!$E$2:$E$27,MATCH(B19,Nodes!$A$2:$A$27,0)))^2),2) -> 1.41 | K19: =IF(J19<=E19,"OK","CHECK") -> OK | L19: verified (Google Maps) | M19: UC->TSM, TSM->Mari, Mari->TSM | N19: two-way
A20: E19 | B20: N13 | C20: TSM | D20: Jl. Metro Tj. Bunga | E20: 0.5 | F20: None | G20: 0 | H20: 0 | I20: =IF(H20=1,"INF",E20+Parameters!$B$2*G20) -> 0.5 | J20: =ROUND(SQRT((INDEX(Nodes!$D$2:$D$27,MATCH(C20,Nodes!$A$2:$A$27,0))-INDEX(Nodes!$D$2:$D$27,MATCH(B20,Nodes!$A$2:$A$27,0)))^2+(INDEX(Nodes!$E$2:$E$27,MATCH(C20,Nodes!$A$2:$A$27,0))-INDEX(Nodes!$E$2:$E$27,MATCH(B20,Nodes!$A$2:$A$27,0)))^2),2) -> 0.46 | K20: =IF(J20<=E20,"OK","CHECK") -> OK | L20: verified (Google Maps) | M20: UC->TSM, Mari->TSM | N20: two-way
A21: E20 | B21: N14 | C21: N15 | D21: Jl. Ampera Raya | E21: 0.8 | F21: None | G21: 0 | H21: 0 | I21: =IF(H21=1,"INF",E21+Parameters!$B$2*G21) -> 0.8 | J21: =ROUND(SQRT((INDEX(Nodes!$D$2:$D$27,MATCH(C21,Nodes!$A$2:$A$27,0))-INDEX(Nodes!$D$2:$D$27,MATCH(B21,Nodes!$A$2:$A$27,0)))^2+(INDEX(Nodes!$E$2:$E$27,MATCH(C21,Nodes!$A$2:$A$27,0))-INDEX(Nodes!$E$2:$E$27,MATCH(B21,Nodes!$A$2:$A$27,0)))^2),2) -> 0.58 | K21: =IF(J21<=E21,"OK","CHECK") -> OK | L21: verified (Google Maps) | M21: TSM->Mari, TSM->MP | N21: two-way
A22: E21 | B22: N15 | C22: N10 | D22: Jl. Garuda | E22: 0.9 | F22: None | G22: 0 | H22: 0 | I22: =IF(H22=1,"INF",E22+Parameters!$B$2*G22) -> 0.9 | J22: =ROUND(SQRT((INDEX(Nodes!$D$2:$D$27,MATCH(C22,Nodes!$A$2:$A$27,0))-INDEX(Nodes!$D$2:$D$27,MATCH(B22,Nodes!$A$2:$A$27,0)))^2+(INDEX(Nodes!$E$2:$E$27,MATCH(C22,Nodes!$A$2:$A$27,0))-INDEX(Nodes!$E$2:$E$27,MATCH(B22,Nodes!$A$2:$A$27,0)))^2),2) -> 0.86 | K22: =IF(J22<=E22,"OK","CHECK") -> OK | L22: verified (Google Maps) | M22: TSM->Mari, TSM->MP | N22: two-way
A23: E22 | B23: N10 | C23: N16 | D23: Jl. Kasuari (eastward) | E23: 1.5 | F23: None | G23: 0 | H23: 0 | I23: =IF(H23=1,"INF",E23+Parameters!$B$2*G23) -> 1.5 | J23: =ROUND(SQRT((INDEX(Nodes!$D$2:$D$27,MATCH(C23,Nodes!$A$2:$A$27,0))-INDEX(Nodes!$D$2:$D$27,MATCH(B23,Nodes!$A$2:$A$27,0)))^2+(INDEX(Nodes!$E$2:$E$27,MATCH(C23,Nodes!$A$2:$A$27,0))-INDEX(Nodes!$E$2:$E$27,MATCH(B23,Nodes!$A$2:$A$27,0)))^2),2) -> 1.45 | K23: =IF(J23<=E23,"OK","CHECK") -> OK | L23: verified (Google Maps) | M23: TSM->MP | N23: two-way
A24: E23 | B24: N16 | C24: N17 | D24: Jl. Sungai Saddang Baru (diagonal) | E24: 2 | F24: None | G24: 0 | H24: 0 | I24: =IF(H24=1,"INF",E24+Parameters!$B$2*G24) -> 2 | J24: =ROUND(SQRT((INDEX(Nodes!$D$2:$D$27,MATCH(C24,Nodes!$A$2:$A$27,0))-INDEX(Nodes!$D$2:$D$27,MATCH(B24,Nodes!$A$2:$A$27,0)))^2+(INDEX(Nodes!$E$2:$E$27,MATCH(C24,Nodes!$A$2:$A$27,0))-INDEX(Nodes!$E$2:$E$27,MATCH(B24,Nodes!$A$2:$A$27,0)))^2),2) -> 1.91 | K24: =IF(J24<=E24,"OK","CHECK") -> OK | L24: verified (Google Maps) | M24: TSM->MP | N24: two-way
A25: E24 | B25: N17 | C25: MP | D25: Jl. AP Pettarani north, then Jl. Adiyaksa | E25: 1.5 | F25: None | G25: 0 | H25: 0 | I25: =IF(H25=1,"INF",E25+Parameters!$B$2*G25) -> 1.5 | J25: =ROUND(SQRT((INDEX(Nodes!$D$2:$D$27,MATCH(C25,Nodes!$A$2:$A$27,0))-INDEX(Nodes!$D$2:$D$27,MATCH(B25,Nodes!$A$2:$A$27,0)))^2+(INDEX(Nodes!$E$2:$E$27,MATCH(C25,Nodes!$A$2:$A$27,0))-INDEX(Nodes!$E$2:$E$27,MATCH(B25,Nodes!$A$2:$A$27,0)))^2),2) -> 0.5 | K25: =IF(J25<=E25,"OK","CHECK") -> OK | L25: verified (Google Maps) | M25: TSM->MP, Mari->MP (bike) | N25: two-way
A26: E25 | B26: N13 | C26: N18 | D26: Southern route (Jl. Andi Mangerangi / Jl. Kumala) | E26: 5.2 | F26: None | G26: 0 | H26: 0 | I26: =IF(H26=1,"INF",E26+Parameters!$B$2*G26) -> 5.2 | J26: =ROUND(SQRT((INDEX(Nodes!$D$2:$D$27,MATCH(C26,Nodes!$A$2:$A$27,0))-INDEX(Nodes!$D$2:$D$27,MATCH(B26,Nodes!$A$2:$A$27,0)))^2+(INDEX(Nodes!$E$2:$E$27,MATCH(C26,Nodes!$A$2:$A$27,0))-INDEX(Nodes!$E$2:$E$27,MATCH(B26,Nodes!$A$2:$A$27,0)))^2),2) -> 1.15 | K26: =IF(J26<=E26,"OK","CHECK") -> OK | L26: verified (Google Maps) | M26: TSM->MP (car) | N26: two-way
A27: E26 | B27: N18 | C27: N19 | D27: Jl. Kumala to Jl. Sultan Alauddin | E27: 2.6 | F27: None | G27: 0 | H27: 0 | I27: =IF(H27=1,"INF",E27+Parameters!$B$2*G27) -> 2.6 | J27: =ROUND(SQRT((INDEX(Nodes!$D$2:$D$27,MATCH(C27,Nodes!$A$2:$A$27,0))-INDEX(Nodes!$D$2:$D$27,MATCH(B27,Nodes!$A$2:$A$27,0)))^2+(INDEX(Nodes!$E$2:$E$27,MATCH(C27,Nodes!$A$2:$A$27,0))-INDEX(Nodes!$E$2:$E$27,MATCH(B27,Nodes!$A$2:$A$27,0)))^2),2) -> 2 | K27: =IF(J27<=E27,"OK","CHECK") -> OK | L27: verified (Google Maps) | M27: TSM->MP (car) | N27: two-way
A28: E27 | B28: N19 | C28: N8 | D28: Jl. RSI Faisal | E28: 1.5 | F28: None | G28: 0 | H28: 0 | I28: =IF(H28=1,"INF",E28+Parameters!$B$2*G28) -> 1.5 | J28: =ROUND(SQRT((INDEX(Nodes!$D$2:$D$27,MATCH(C28,Nodes!$A$2:$A$27,0))-INDEX(Nodes!$D$2:$D$27,MATCH(B28,Nodes!$A$2:$A$27,0)))^2+(INDEX(Nodes!$E$2:$E$27,MATCH(C28,Nodes!$A$2:$A$27,0))-INDEX(Nodes!$E$2:$E$27,MATCH(B28,Nodes!$A$2:$A$27,0)))^2),2) -> 1.46 | K28: =IF(J28<=E28,"OK","CHECK") -> OK | L28: verified (Google Maps) | M28: TSM->MP, Mari->MP | N28: two-way
... A34: E33 | B34: N11 | C34: N22 | D34: Jl. DR. Ratulangi (north) | E34: 0.4 | F34: None | G34: 0 | H34: 0 | I34: =IF(H34=1,"INF",E34+Parameters!$B$2*G34) -> 0.4 | J34: =ROUND(SQRT((INDEX(Nodes!$D$2:$D$27,MATCH(C34,Nodes!$A$2:$A$27,0))-INDEX(Nodes!$D$2:$D$27,MATCH(B34,Nodes!$A$2:$A$27,0)))^2+(INDEX(Nodes!$E$2:$E$27,MATCH(C34,Nodes!$A$2:$A$27,0))-INDEX(Nodes!$E$2:$E$27,MATCH(B34,Nodes!$A$2:$A$27,0)))^2),2) -> 0.38 | K34: =IF(J34<=E34,"OK","CHECK") -> OK | L34: verified (Google Maps) | M34: Mari->TSM (via Ratulangi) | N34: two-way

Sheet Measured Segments
A1: screenshot | B1: route | C1: step | D1: meters | E1: used for
A2: Image 4 | B2: UC -> TSM (car, 4.4 km) | C2: Leave parking | D2: 31 | E2: E01 UC-N1
A3: Image 4 | B3: UC -> TSM | C3: Turn right | D3: 35 | E3: E01
A4: Image 4 | B4: UC -> TSM | C4: Turn left | D4: 25 | E4: E01
A5: Image 4 | B5: UC -> TSM | C5: Roundabout, exit 4 | D5: 700 | E5: E01
A6: Image 4 | B6: UC -> TSM | C6: Roundabout, exit 3 (reaches CPI roundabout) | D6: 600 | E6: E01 (sum 1.4 km)
A7: Image 4 | B7: UC -> TSM | C7: Roundabout exit 3, then merge | D7: 270 | E7: E16 N1-N12
A8: Image 4 | B8: UC -> TSM | C8: Merge onto Jl. Metro Tj. Bunga | D8: 2200 | E8: E17, E18 (N12-N14-N13, 2.5 km with the 270 m)
A9: Image 4 | B9: UC -> TSM | C9: Turn right, destination on the right | D9: 500 | E9: E19 N13-TSM
A10: Image 5 | B10: Mari -> TSM (car, 4.9 km) | C10: Head toward Jl. Mawas Raya | D10: 250 | E10: U-turn detour (half)
A11: Image 5 | B11: Mari -> TSM | C11: U-turn at SD Kartika XXI | D11: 850 | E11: E15 + E33 (850 - 250 = 600 m from Mari to Jl. H. Bau)
A12: Image 5 | B12: Mari -> TSM | C12: Left onto Jl. H. Bau | D12: 650 | E12: E32 + E12 (N22-N9-N1, about 0.9 km)
A13: Image 5 | B13: Mari -> TSM | C13: Slight right toward Jl. Metro Tj. Bunga | D13: 230 | E13: E16
... A22: Images 6-7 | B22: Mari -> UC | C22: Roundabouts (180 + 600 + 600 + 110 m) | D22: 1490 | E22: E01 UC-N1 (about 1.4 km)
A24: Source: the Google Maps directions panels in your screenshots 4 to 7. These are the only distances treated as measured.

Sheet Route Check
A1: route | B1: google_km | C1: node_path | D1: edge_1 | E1: edge_2 | F1: edge_3 | G1: edge_4 | H1: edge_5 | I1: edge_6 | J1: edge_7 | K1: edge_8 | L1: edge_9 | M1: edge_10 | N1: detour_km | O1: graph_km | P1: difference_km | Q1: within_0.3km | R1: source
A2: UC to Mall Panakkukang (car) | B2: 9.5 | C2: UC > N1 > N2 > N3 > N4 > N5 > N6 > N7 > N17 > N8 > MP | D2: E01 | E2: E02 | F2: E03 | G2: E04 | H2: E05 | I2: E06 | J2: E07 | K2: E08 | L2: E09 | M2: E10 | N2: 0 | O2: =SUMPRODUCT(SUMIF(Edges!$A$2:$A$34,D2:M2,Edges!$E$2:$E$34))+N2 -> 9.45 | P2: =ROUND(O2-B2,2) -> -0.05 | Q2: =IF(ABS(P2)<=0.3,"OK","CHECK") -> OK | R2: route screenshot
A3: UC to Mal Ratu Indah (car) | B3: 4.2 | C3: UC > N1 > N2 > N9 > N10 > N11 > Mari | D3: E01 | E3: E02 | F3: E11 | G3: E13 | H3: E14 | I3: E15 | N3: 0 | O3: =SUMPRODUCT(SUMIF(Edges!$A$2:$A$34,D3:M3,Edges!$E$2:$E$34))+N3 -> 4.2 | P3: =ROUND(O3-B3,2) -> 0 | Q3: =IF(ABS(P3)<=0.3,"OK","CHECK") -> OK | R3: route screenshot
A4: UC to TSM (car) | B4: 4.4 | C4: UC > N1 > N12 > N14 > N13 > TSM | D4: E01 | E4: E16 | F4: E17 | G4: E18 | H4: E19 | N4: 0 | O4: =SUMPRODUCT(SUMIF(Edges!$A$2:$A$34,D4:M4,Edges!$E$2:$E$34))+N4 -> 4.4 | P4: =ROUND(O4-B4,2) -> 0 | Q4: =IF(ABS(P4)<=0.3,"OK","CHECK") -> OK | R4: step list (image 4)
A5: TSM to Mal Ratu Indah (car) | B5: 4.2 | C5: TSM > N13 > N14 > N15 > N10 > N11 > Mari | D5: E19 | E5: E18 | F5: E20 | G5: E21 | H5: E14 | I5: E15 | N5: 0 | O5: =SUMPRODUCT(SUMIF(Edges!$A$2:$A$34,D5:M5,Edges!$E$2:$E$34))+N5 -> 4.2 | P5: =ROUND(O5-B5,2) -> 0 | Q5: =IF(ABS(P5)<=0.3,"OK","CHECK") -> OK | R5: route screenshot
A6: TSM to Mall Panakkukang (bike) | B6: 8.6 | C6: TSM > N13 > N14 > N15 > N10 > N16 > N17 > MP | D6: E19 | E6: E18 | F6: E20 | G6: E21 | H6: E22 | I6: E23 | J6: E24 | N6: 0 | O6: =SUMPRODUCT(SUMIF(Edges!$A$2:$A$34,D6:M6,Edges!$E$2:$E$34))+N6 -> 8.7 | P6: =ROUND(O6-B6,2) -> 0.1 | Q6: =IF(ABS(P6)<=0.3,"OK","CHECK") -> OK | R6: route screenshot
A7: TSM to Mall Panakkukang (car, south) | B7: 10.7 | C7: TSM > N13 > N18 > N19 > N8 > MP | D7: E19 | E7: E25 | F7: E26 | G7: E27 | H7: E10 | N7: 0 | O7: =SUMPRODUCT(SUMIF(Edges!$A$2:$A$34,D7:M7,Edges!$E$2:$E$34))+N7 -> 10.7 | P7: =ROUND(O7-B7,2) -> 0 | Q7: =IF(ABS(P7)<=0.3,"OK","CHECK") -> OK | R7: route screenshot
A8: Mal Ratu Indah to Mall Panakkukang (car) | B8: 6.5 | C8: Mari > N20 > N19 > N8 > MP | D8: E28 | E8: E29 | F8: E27 | G8: E10 | N8: 0 | O8: =SUMPRODUCT(SUMIF(Edges!$A$2:$A$34,D8:M8,Edges!$E$2:$E$34))+N8 -> 6.5 | P8: =ROUND(O8-B8,2) -> 0 | Q8: =IF(ABS(P8)<=0.3,"OK","CHECK") -> OK | R8: route screenshot
A9: Mal Ratu Indah to Mall Panakkukang (bike) | B9: 5.8 | C9: Mari > N21 > N17 > MP | D9: E30 | E9: E31 | F9: E24 | N9: 0 | O9: =SUMPRODUCT(SUMIF(Edges!$A$2:$A$34,D9:M9,Edges!$E$2:$E$34))+N9 -> 5.8 | P9: =ROUND(O9-B9,2) -> 0 | Q9: =IF(ABS(P9)<=0.3,"OK","CHECK") -> OK | R9: route screenshot
A10: Mal Ratu Indah to TSM (car) | B10: 4.9 | C10: Mari > N11 > N22 > N9 > N1 > N12 > N14 > N13 > TSM | D10: E15 | E10: E33 | F10: E32 | G10: E12 | H10: E16 | I10: E17 | J10: E18 | K10: E19 | N10: 0.5 | O10: =SUMPRODUCT(SUMIF(Edges!$A$2:$A$34,D10:M10,Edges!$E$2:$E$34))+N10 -> 5 | P10: =ROUND(O10-B10,2) -> 0.1 | Q10: =IF(ABS(P10)<=0.3,"OK","CHECK") -> OK | R10: step list (image 5)
A11: Mal Ratu Indah to UC (car) | B11: 3.5 | C11: Mari > N11 > N10 > N9 > N1 > UC | D11: E15 | E11: E14 | F11: E13 | G11: E12 | H11: E01 | N11: 0.5 | O11: =SUMPRODUCT(SUMIF(Edges!$A$2:$A$34,D11:M11,Edges!$E$2:$E$34))+N11 -> 3.4 | P11: =ROUND(O11-B11,2) -> -0.1 | Q11: =IF(ABS(P11)<=0.3,"OK","CHECK") -> OK | R11: step list (images 6-7)
A13: google_km comes from your real Google Maps screenshots. graph_km = sum of the edges listed + detour_km. detour_km = 0.5 km U-turn when leaving Mal Ratu Indah northward by car.

Sheet Hazard Locations
A1: hazard | B1: location (from team member) | C1: graph edges | D1: default level
A2: Demonstrasi mahasiswa | B2: Jl. AP Pettarani, at the intersection toward Jl. Urip Sumoharjo | C2: E08 (N7-N17), E09 (N17-N8), E23 (N16-N17), E24 (N17-MP), E31 (N21-N17) | D2: Ditutup (blocked = 1)
A3: Demonstrasi mahasiswa | B3: In front of UNM (sometimes) | C3: E09 (N17-N8), E27 (N19-N8) | D3: Ditutup (blocked = 1)
A4: Banjir | B4: In front of Pantai Losari | C4: E02 (N1-N2), E03 (N2-N3), E11 (N2-N9) | D4: Berat (penalty 2)
A5: Kecelakaan mobil | B5: Random, no fixed location | C5: Any edge | D5: Ringan atau Berat
A7: Sumber: pesan dari Rasya (anggota tim), berdasarkan pengalaman lokal.

Sheet Test Scenarios
A1: ID | B1: scenario | C1: start | D1: goal | E1: hazard_type | F1: hazard_edges | G1: level | H1: route without hazard | I1: cost without hazard | J1: route with hazard (A*) | K1: cost with hazard | L1: route changed?
A2: 1 | B2: Tanpa gangguan (baseline) | C2: UC | D2: MP | E2: - | F2: - | G2: - | H2: UC > N1 > N9 > N10 > N16 > N17 > N8 > MP | I2: 7.15 | J2: UC > N1 > N9 > N10 > N16 > N17 > N8 > MP | K2: 7.15 | L2: =IF(H2=J2,"No","Yes") -> No
A3: 2 | B3: Banjir di Pantai Losari (di luar rute terbaik) | C3: UC | D3: MP | E3: Banjir | F3: E02 (N1-N2), E03 (N2-N3), E11 (N2-N9) | G3: Berat | H3: UC > N1 > N9 > N10 > N16 > N17 > N8 > MP | I3: 7.15 | J3: UC > N1 > N9 > N10 > N16 > N17 > N8 > MP | K3: 7.15 | L3: =IF(H3=J3,"No","Yes") -> No
A4: 3 | B4: Demonstrasi di simpang Jl. AP Pettarani | C4: UC | D4: MP | E4: Demonstrasi | F4: E08 (N7-N17), E09 (N17-N8), E23 (N16-N17), E24 (N17-MP), E31 (N21-N17) | G4: Ditutup | H4: UC > N1 > N9 > N10 > N16 > N17 > N8 > MP | I4: 7.15 | J4: UC > N1 > N9 > N22 > N11 > Mari > N20 > N19 > N8 > MP | K4: 9.4 | L4: =IF(H4=J4,"No","Yes") -> Yes
A5: 4 | B5: Demonstrasi di depan UNM | C5: MP | D5: Mari | E5: Demonstrasi | F5: E09 (N17-N8), E27 (N19-N8) | G5: Ditutup | H5: MP > N8 > N17 > N16 > N10 > N11 > Mari | I5: 5.25 | J5: MP > N17 > N16 > N10 > N11 > Mari | K5: 5.5 | L5: =IF(H5=J5,"No","Yes") -> Yes
A6: 5 | B6: Kecelakaan di Jl. H. Bau | C6: UC | D6: Mari | E6: Kecelakaan | F6: E12 (N1-N9) | G6: Berat | H6: UC > N1 > N9 > N10 > N11 > Mari | I6: 2.9 | J6: UC > N1 > N2 > N9 > N10 > N11 > Mari | K6: 4.2 | L6: =IF(H6=J6,"No","Yes") -> Yes
A7: 6 | B7: Kecelakaan di Jl. Metro Tj. Bunga | C7: UC | D7: TSM | E7: Kecelakaan | F7: E16 (N1-N12) | G7: Ringan | H7: UC > N1 > N12 > N14 > N13 > TSM | I7: 4.4 | J7: UC > N1 > N9 > N10 > N15 > N14 > N13 > TSM | K7: 6.1 | L7: =IF(H7=J7,"No","Yes") -> Yes
A8: 7 | B8: Penutupan jalan keluar UC | C8: UC | D8: MP | E8: Demonstrasi | F8: E01 (UC-N1) | G8: Ditutup | H8: UC > N1 > N9 > N10 > N16 > N17 > N8 > MP | I8: 7.15 | J8: Tidak ada rute (tujuan tidak terjangkau) | K8: INF | L8: =IF(H8=J8,"No","Yes") -> Yes
A9: 8 | B9: Gabungan banjir Losari dan demo Pettarani | C9: UC | D9: MP | E9: Banjir + Demonstrasi | F9: E02 (N1-N2), E03 (N2-N3), E11 (N2-N9), E08 (N7-N17), E09 (N17-N8), E23 (N16-N17), E24 (N17-MP), E31 (N21-N17) | G9: Ditutup + Berat | H9: UC > N1 > N9 > N10 > N16 > N17 > N8 > MP | I9: 7.15 | J9: UC > N1 > N9 > N22 > N11 > Mari > N20 > N19 > N8 > MP | K9: 9.4 | L9: =IF(H9=J9,"No","Yes") -> Yes
A11: Rute dan biaya dihitung dengan skrip A* (gamma = 2, Ringan = 1, Berat = 2, Ditutup = INF). Program akhir harus menghasilkan nilai yang sama.

Sheet Algorithm Comparison
A1: scenario ID | B1: start | C1: goal | D1: algorithm | E1: nodes_expanded | F1: route | G1: distance_km | H1: path_cost | I1: optimal_cost (UCS) | J1: optimal? | K1: passes hazard edge?
A2: 1 | B2: UC | C2: MP | D2: BFS | E2: 24 | F2: UC > N1 > N9 > N10 > N16 > N17 > MP | G2: 7.4 | H2: 7.4 | I2: =H3 -> 7.15 | J2: =IF(ISNUMBER(H2),IF(ROUND(H2,2)=ROUND(I2,2),"Yes","No"),"-") -> No | K2: No
A3: 1 | B3: UC | C3: MP | D3: UCS | E3: 25 | F3: UC > N1 > N9 > N10 > N16 > N17 > N8 > MP | G3: 7.15 | H3: 7.15 | I3: =H3 -> 7.15 | J3: =IF(ISNUMBER(H3),IF(ROUND(H3,2)=ROUND(I3,2),"Yes","No"),"-") -> Yes | K3: No
A4: 1 | B4: UC | C4: MP | D4: A* | E4: 18 | F4: UC > N1 > N9 > N10 > N16 > N17 > N8 > MP | G4: 7.15 | H4: 7.15 | I4: =H3 -> 7.15 | J4: =IF(ISNUMBER(H4),IF(ROUND(H4,2)=ROUND(I4,2),"Yes","No"),"-") -> Yes | K4: No
A5: 2 | B5: UC | C5: MP | D5: BFS | E5: 24 | F5: UC > N1 > N9 > N10 > N16 > N17 > MP | G5: 7.4 | H5: 7.4 | I5: =H6 -> 7.15 | J5: =IF(ISNUMBER(H5),IF(ROUND(H5,2)=ROUND(I5,2),"Yes","No"),"-") -> No | K5: No
A6: 2 | B6: UC | C6: MP | D6: UCS | E6: 22 | F6: UC > N1 > N9 > N10 > N16 > N17 > N8 > MP | G6: 7.15 | H6: 7.15 | I6: =H6 -> 7.15 | J6: =IF(ISNUMBER(H6),IF(ROUND(H6,2)=ROUND(I6,2),"Yes","No"),"-") -> Yes | K6: No
A7: 2 | B7: UC | C7: MP | D7: A* | E7: 15 | F7: UC > N1 > N9 > N10 > N16 > N17 > N8 > MP | G7: 7.15 | H7: 7.15 | I7: =H6 -> 7.15 | J7: =IF(ISNUMBER(H7),IF(ROUND(H7,2)=ROUND(I7,2),"Yes","No"),"-") -> Yes | K7: No
A8: 3 | B8: UC | C8: MP | D8: BFS | E8: 25 | F8: UC > N1 > N12 > N14 > N13 > N18 > N19 > N8 > MP | G8: 14.1 | H8: 14.1 | I8: =H9 -> 9.4 | J8: =IF(ISNUMBER(H8),IF(ROUND(H8,2)=ROUND(I8,2),"Yes","No"),"-") -> No | K8: No
A9: 3 | B9: UC | C9: MP | D9: UCS | E9: 25 | F9: UC > N1 > N9 > N22 > N11 > Mari > N20 > N19 > N8 > MP | G9: 9.4 | H9: 9.4 | I9: =H9 -> 9.4 | J9: =IF(ISNUMBER(H9),IF(ROUND(H9,2)=ROUND(I9,2),"Yes","No"),"-") -> Yes | K9: No
A10: 3 | B10: UC | C10: MP | D10: A* | E10: 24 | F10: UC > N1 > N9 > N22 > N11 > Mari > N20 > N19 > N8 > MP | G10: 9.4 | H10: 9.4 | I10: =H9 -> 9.4 | J10: =IF(ISNUMBER(H10),IF(ROUND(H10,2)=ROUND(I10,2),"Yes","No"),"-") -> Yes | K10: No
A11: 4 | B11: MP | C11: Mari | D11: BFS | E11: 8 | F11: MP > N17 > N21 > Mari | G11: 5.8 | H11: 5.8 | I11: =H12 -> 5.5 | J11: =IF(ISNUMBER(H11),IF(ROUND(H11,2)=ROUND(I11,2),"Yes","No"),"-") -> No | K11: No
A12: 4 | B12: MP | C12: Mari | D12: UCS | E12: 12 | F12: MP > N17 > N16 > N10 > N11 > Mari | G12: 5.5 | H12: 5.5 | I12: =H12 -> 5.5 | J12: =IF(ISNUMBER(H12),IF(ROUND(H12,2)=ROUND(I12,2),"Yes","No"),"-") -> Yes | K12: No
A13: 4 | B13: MP | C13: Mari | D13: A* | E13: 9 | F13: MP > N17 > N16 > N10 > N11 > Mari | G13: 5.5 | H13: 5.5 | I13: =H12 -> 5.5 | J13: =IF(ISNUMBER(H13),IF(ROUND(H13,2)=ROUND(I13,2),"Yes","No"),"-") -> Yes | K13: No
A14: 5 | B14: UC | C14: Mari | D14: BFS | E14: 18 | F14: UC > N1 > N9 > N10 > N11 > Mari | G14: 2.9 | H14: 6.9 | I14: =H15 -> 4.2 | J14: =IF(ISNUMBER(H14),IF(ROUND(H14,2)=ROUND(I14,2),"Yes","No"),"-") -> No | K14: Yes
A15: 5 | B15: UC | C15: Mari | D15: UCS | E15: 14 | F15: UC > N1 > N2 > N9 > N22 > N11 > Mari | G15: 4.2 | H15: 4.2 | I15: =H15 -> 4.2 | J15: =IF(ISNUMBER(H15),IF(ROUND(H15,2)=ROUND(I15,2),"Yes","No"),"-") -> Yes | K15: No
A16: 5 | B16: UC | C16: Mari | D16: A* | E16: 11 | F16: UC > N1 > N2 > N9 > N10 > N11 > Mari | G16: 4.2 | H16: 4.2 | I16: =H15 -> 4.2 | J16: =IF(ISNUMBER(H16),IF(ROUND(H16,2)=ROUND(I16,2),"Yes","No"),"-") -> Yes | K16: No
A17: 6 | B17: UC | C17: TSM | D17: BFS | E17: 16 | F17: UC > N1 > N12 > N14 > N13 > TSM | G17: 4.4 | H17: 6.4 | I17: =H18 -> 6.1 | J17: =IF(ISNUMBER(H17),IF(ROUND(H17,2)=ROUND(I17,2),"Yes","No"),"-") -> No | K17: Yes
A18: 6 | B18: UC | C18: TSM | D18: UCS | E18: 20 | F18: UC > N1 > N9 > N10 > N15 > N14 > N13 > TSM | G18: 6.1 | H18: 6.1 | I18: =H18 -> 6.1 | J18: =IF(ISNUMBER(H18),IF(ROUND(H18,2)=ROUND(I18,2),"Yes","No"),"-") -> Yes | K18: No
A19: 6 | B19: UC | C19: TSM | D19: A* | E19: 14 | F19: UC > N1 > N9 > N10 > N15 > N14 > N13 > TSM | G19: 6.1 | H19: 6.1 | I19: =H18 -> 6.1 | J19: =IF(ISNUMBER(H19),IF(ROUND(H19,2)=ROUND(I19,2),"Yes","No"),"-") -> Yes | K19: No
A20: 7 | B20: UC | C20: MP | D20: BFS | E20: 1 | F20: Tidak ada rute | G20: - | H20: INF | I20: =H21 -> INF | J20: =IF(ISNUMBER(H20),IF(ROUND(H20,2)=ROUND(I20,2),"Yes","No"),"-") -> - | K20: -
A21: 7 | B21: UC | C21: MP | D21: UCS | E21: 1 | F21: Tidak ada rute | G21: - | H21: INF | I21: =H21 -> INF | J21: =IF(ISNUMBER(H21),IF(ROUND(H21,2)=ROUND(I21,2),"Yes","No"),"-") -> - | K21: -
A22: 7 | B22: UC | C22: MP | D22: A* | E22: 1 | F22: Tidak ada rute | G22: - | H22: INF | I22: =H21 -> INF | J22: =IF(ISNUMBER(H22),IF(ROUND(H22,2)=ROUND(I22,2),"Yes","No"),"-") -> - | K22: -
A23: 8 | B23: UC | C23: MP | D23: BFS | E23: 25 | F23: UC > N1 > N12 > N14 > N13 > N18 > N19 > N8 > MP | G23: 14.1 | H23: 14.1 | I23: =H24 -> 9.4 | J23: =IF(ISNUMBER(H23),IF(ROUND(H23,2)=ROUND(I23,2),"Yes","No"),"-") -> No | K23: No
A24: 8 | B24: UC | C24: MP | D24: UCS | E24: 20 | F24: UC > N1 > N9 > N22 > N11 > Mari > N20 > N19 > N8 > MP | G24: 9.4 | H24: 9.4 | I24: =H24 -> 9.4 | J24: =IF(ISNUMBER(H24),IF(ROUND(H24,2)=ROUND(I24,2),"Yes","No"),"-") -> Yes | K24: No
A25: 8 | B25: UC | C25: MP | D25: A* | E25: 18 | F25: UC > N1 > N9 > N22 > N11 > Mari > N20 > N19 > N8 > MP | G25: 9.4 | H25: 9.4 | I25: =H24 -> 9.4 | J25: =IF(ISNUMBER(H25),IF(ROUND(H25,2)=ROUND(I25,2),"Yes","No"),"-") -> Yes | K25: No
A27: nodes_expanded = jumlah simpul yang diambil dari antrian (frontier) sampai tujuan ditemukan. BFS mengabaikan bobot, jadi path_cost BFS adalah biaya rute yang dipilih BFS bila dihitung dengan rumus biaya. UCS dipakai sebagai acuan biaya optimal.

Sheet Random Accident Runs
A1: run | B1: accident edge | C1: road | D1: level | E1: route (A*) | F1: cost | G1: baseline cost | H1: route changed?
A2: 1 | B2: E08 (N7-N17) | C2: Jl. AP Pettarani | D2: Ringan | E2: UC > N1 > N9 > N10 > N16 > N17 > N8 > MP | F2: 7.15 | G2: 7.15 | H2: =IF(E2="UC > N1 > N9 > N10 > N16 > N17 > N8 > MP","No","Yes") -> No
A3: 2 | B3: E18 (N14-N13) | C3: Jl. Metro Tj. Bunga | D3: Ringan | E3: UC > N1 > N9 > N10 > N16 > N17 > N8 > MP | F3: 7.15 | G3: 7.15 | H3: =IF(E3="UC > N1 > N9 > N10 > N16 > N17 > N8 > MP","No","Yes") -> No
A4: 3 | B4: E15 (N11-Mari) | C4: Jl. DR. Ratulangi | D4: Ringan | E4: UC > N1 > N9 > N10 > N16 > N17 > N8 > MP | F4: 7.15 | G4: 7.15 | H4: =IF(E4="UC > N1 > N9 > N10 > N16 > N17 > N8 > MP","No","Yes") -> No
A5: 4 | B5: E07 (N6-N7) | C5: Jl. Pelita Raya to Jl. AP Pettarani | D5: Ringan | E5: UC > N1 > N9 > N10 > N16 > N17 > N8 > MP | F5: 7.15 | G5: 7.15 | H5: =IF(E5="UC > N1 > N9 > N10 > N16 > N17 > N8 > MP","No","Yes") -> No
A6: 5 | B6: E28 (Mari-N20) | C6: Jl. DR. Ratulangi (south) | D6: Ringan | E6: UC > N1 > N9 > N10 > N16 > N17 > N8 > MP | F6: 7.15 | G6: 7.15 | H6: =IF(E6="UC > N1 > N9 > N10 > N16 > N17 > N8 > MP","No","Yes") -> No
A7: 6 | B7: E02 (N1-N2) | C7: Losari / Jl. Maipa | D7: Ringan | E7: UC > N1 > N9 > N10 > N16 > N17 > N8 > MP | F7: 7.15 | G7: 7.15 | H7: =IF(E7="UC > N1 > N9 > N10 > N16 > N17 > N8 > MP","No","Yes") -> No
A8: 7 | B8: E14 (N10-N11) | C8: Jl. Kasuari | D8: Ringan | E8: UC > N1 > N9 > N10 > N16 > N17 > N8 > MP | F8: 7.15 | G8: 7.15 | H8: =IF(E8="UC > N1 > N9 > N10 > N16 > N17 > N8 > MP","No","Yes") -> No
A9: 8 | B9: E33 (N11-N22) | C9: Jl. DR. Ratulangi (north) | D9: Ringan | E9: UC > N1 > N9 > N10 > N16 > N17 > N8 > MP | F9: 7.15 | G9: 7.15 | H9: =IF(E9="UC > N1 > N9 > N10 > N16 > N17 > N8 > MP","No","Yes") -> No
A10: 9 | B10: E13 (N9-N10) | C10: Jl. Opu Daeng Risadju | D10: Berat | E10: UC > N1 > N9 > N22 > N11 > N10 > N16 > N17 > N8 > MP | F10: 7.75 | G10: 7.15 | H10: =IF(E10="UC > N1 > N9 > N10 > N16 > N17 > N8 > MP","No","Yes") -> Yes
A11: 10 | B11: E15 (N11-Mari) | C11: Jl. DR. Ratulangi | D11: Berat | E11: UC > N1 > N9 > N10 > N16 > N17 > N8 > MP | F11: 7.15 | G11: 7.15 | H11: =IF(E11="UC > N1 > N9 > N10 > N16 > N17 > N8 > MP","No","Yes") -> No
A13: UC ke Mall Panakkukang, 10 kali, random seed 42 (bisa diulang). Ruas dan level kecelakaan dipilih acak.
